{"cameraMode":{"drawMode":0,"name":"Shaded","section":"Shading Mode"},"sceneLighting":true,"audioPlay":false,"sceneViewState":{"showFog":true,"showMaterialUpdate":false,"showSkybox":true,"showFlares":true,"showImageEffects":true,"showParticleSystems":true},"in2DMode":false,"pivot":{"x":303.0189208984375,"y":211.32095336914063,"z":206.5720672607422},"rotation":{"x":-0.022802986204624177,"y":0.021590322256088258,"z":-0.0004925074754282832,"w":-0.9995067119598389},"size":931.1895141601563,"orthographic":false}